Unnamed: 0,Unnamed: 1,Unnamed: 2,Unnamed: 3,Unnamed: 4,Unnamed: 5,Unnamed: 6,Unnamed: 7,Unnamed: 8,Unnamed: 9,Unnamed: 10,Unnamed: 11,Unnamed: 12,Unnamed: 13,Unnamed: 14,Unnamed: 15,Unnamed: 16,Unnamed: 17,Unnamed: 18,Unnamed: 19,Unnamed: 20,Unnamed: 21
,,,,,,,,,,,,,,,,,,,,,
,,,,,,,,,,,,,,,,,,,,,
,,,,,,,,,,,,,,,,,,,,,
,,,,,,,,,,,,,,,,,,,,,
,,,,L VERTICAL /        L HORIZONTAL,,OBJETIVOS (RESUMEN NARRATIVO),,,,,INDICADORES,,,,,MÉTODOS DE VERIFICACIÓN,,,,,SUPUESTOS
,,,,,,,,,,,,,,,,,,,,,
,,,,,,,,,,,,,,,,,,,,,
,,,,,,,,,,,,,,,,,,,,,
,,,,,,,,,,,,,,,,,,,,,
,,,,FINES,,F1,,,,,,,,,,,,,,,
,,,,,,F2,,,,,,,,,,,,,,,
,,,,,,F3,,,,,,,,,,,,,,,
,,,,,,F4,,,,,,,,,,,,,,,
,,,,,,F5,,,,,,,,,,,,,,,
,,,,,,F6,,,,,,,,,,,,,,,
,,,,,,F7,,,,,,,,,,,,,,,
,,,,,,F8,,,,,,,,,,,,,,,
,,,,PROPÓSITO,,P1,,,,,,,,,,,,,,,
,,,,,,P2,,,,,,,,,,,,,,,
,,,,,,P3,,,,,,,,,,,,,,,
,,,,,,P4,,,,,,,,,,,,,,,
,,,,,,P5,,,,,,,,,,,,,,,
,,,,,,P6,,,,,,,,,,,,,,,
,,,,,,P7,,,,,,,,,,,,,,,
,,,,,,P8,,,,,,,,,,,,,,,
,,,,COMPONENTES,,C1,,,,,,,,,,,,,,,
,,,,,,C2,,,,,,,,,,,,,,,
,,,,,,C3,,,,,,,,,,,,,,,
,,,,,,C4,,,,,,,,,,,,,,,
,,,,,,C5,,,,,,,,,,,,,,,
,,,,,,C6,,,,,,,,,,,,,,,
,,,,,,C7,,,,,,,,,,,,,,,
,,,,,,C8,,,,,,,,,,,,,,,
,,,,ACTIVIDADES,,,,,,,,,,,,,,,,,
